{
  "config": {
    "num_shards": 5,
    "nodes_per_shard": 10,
    "total_nodes": 50,
    "malicious_percentage": 10,
    "attack_scenario": null
  },
  "metrics": {
    "throughput": [
      9.0,
      9.5,
      9.666666666666666,
      9.5,
      9.4,
      9.333333333333334,
      9.285714285714286,
      9.25,
      9.222222222222221,
      9.1,
      9.181818181818182,
      9.083333333333334,
      9.076923076923077,
      9.142857142857142,
      9.2,
      9.1875,
      9.0,
      9.055555555555555,
      9.105263157894736,
      9.15
    ],
    "latency": [
      11.583333333333334,
      11.494298245614035,
      10.923850574712644,
      10.782675438596494,
      10.362588652482273,
      10.277827380952385,
      10.295512820512823,
      10.088963963963966,
      10.24939759036145,
      10.317032967032974,
      10.166666666666673,
      10.135321100917437,
      10.105508474576276,
      10.084960937500005,
      10.10585748792271,
      10.164852607709756,
      10.107244008714604,
      10.220705521472402,
      10.170664739884403,
      10.236338797814216
    ],
    "energy": [
      2.265779754312142,
      2.32725763041971,
      2.209508977519827,
      2.198645739963119,
      2.074755199229945,
      2.0266163377395254,
      2.055666404586915,
      2.0238520717352526,
      2.0394261388585186,
      2.0237205891359165,
      1.9984668275729507,
      2.0209301632564913,
      2.0331213938763204,
      2.045160190353973,
      2.032531581050473,
      2.0295663117815916,
      2.0121509307019596,
      2.011222030177262,
      1.9952041396948186,
      2.016373072161457
    ],
    "security": [
      0.7077777777777772,
      0.644777777777778,
      0.5880777777777775,
      0.5370477777777777,
      0.49112077777777763,
      0.4497864777777782,
      0.41258560777777786,
      0.3791048247777777,
      0.3489721200777779,
      0.3218526858477777,
      0.29744519504077804,
      0.275478453314478,
      0.255708385760808,
      0.23791532496250475,
      0.2219015702440322,
      0.2074891909974069,
      0.19451804967544398,
      0.18284402248567738,
      0.17233739801488732,
      0.16288143599117638
    ],
    "cross_shard_ratio": [
      0.3333333333333333,
      0.3157894736842105,
      0.3103448275862069,
      0.3157894736842105,
      0.2978723404255319,
      0.30357142857142855,
      0.3076923076923077,
      0.2972972972972973,
      0.30120481927710846,
      0.3076923076923077,
      0.3069306930693069,
      0.3119266055045872,
      0.3135593220338983,
      0.3125,
      0.3115942028985507,
      0.3129251700680272,
      0.30718954248366015,
      0.3067484662576687,
      0.3063583815028902,
      0.30601092896174864
    ],
    "transaction_success_rate": [
      0.9,
      0.95,
      0.9666666666666667,
      0.95,
      0.94,
      0.9333333333333333,
      0.9285714285714286,
      0.925,
      0.9222222222222223,
      0.91,
      0.9181818181818182,
      0.9083333333333333,
      0.9076923076923077,
      0.9142857142857143,
      0.92,
      0.91875,
      0.9,
      0.9055555555555556,
      0.9105263157894737,
      0.915
    ],
    "network_stability": [
      1.0,
      0.9099999999999999,
      0.8823333333333332,
      0.8341000000000001,
      0.79569,
      0.7327876666666666,
      0.6871709,
      0.6521158100000002,
      0.6115701823333335,
      0.6127089641000001,
      0.5914380676900002,
      0.561333128933,
      0.5727237848437,
      0.5421180730259968,
      0.5579062657233971,
      0.5421156391510574,
      0.5168570484940677,
      0.5074708048170667,
      0.48031150145625395,
      0.4722803513106286
    ],
    "resource_utilization": [
      0.004,
      0.007200000000000001,
      0.009760000000000001,
      0.011808000000000003,
      0.013446400000000002,
      0.014757120000000002,
      0.015805696,
      0.016644556800000005,
      0.01731564544,
      0.017852516352000004,
      0.0182820130816,
      0.018625610465280003,
      0.018900488372224,
      0.019120390697779203,
      0.019296312558223366,
      0.01943705004657869,
      0.019549640037262957,
      0.019639712029810366,
      0.01971176962384829,
      0.019769415699078634
    ],
    "consensus_efficiency": [
      0.9884166666666667,
      0.988505701754386,
      0.9890761494252873,
      0.9892173245614035,
      0.9896374113475177,
      0.9897221726190476,
      0.9897044871794872,
      0.989911036036036,
      0.9897506024096385,
      0.989682967032967,
      0.9898333333333333,
      0.9898646788990826,
      0.9898944915254237,
      0.9899150390625,
      0.9898941425120773,
      0.9898351473922903,
      0.9898927559912853,
      0.9897792944785276,
      0.9898293352601156,
      0.9897636612021857
    ],
    "shard_health": [
      0.954,
      0.9269999999999999,
      0.9187000000000001,
      0.9042299999999999,
      0.892707,
      0.8738363,
      0.86015127,
      0.849634743,
      0.8374710547000002,
      0.8378126892300001,
      0.8314314203070001,
      0.8223999386799001,
      0.8258171354531101,
      0.8166354219077991,
      0.8213718797170191,
      0.8166346917453172,
      0.8090571145482203,
      0.8062412414451201,
      0.7980934504368763,
      0.7956841053931887
    ],
    "avg_hops": [
      1.5555555555555556,
      1.5789473684210527,
      1.4827586206896552,
      1.4473684210526316,
      1.4042553191489362,
      1.375,
      1.3692307692307693,
      1.3513513513513513,
      1.3734939759036144,
      1.3736263736263736,
      1.3465346534653466,
      1.3302752293577982,
      1.3220338983050848,
      1.3203125,
      1.326086956521739,
      1.3333333333333333,
      1.3333333333333333,
      1.3558282208588956,
      1.346820809248555,
      1.360655737704918
    ],
    "network_resilience": [
      0.6369999999999995,
      0.5803000000000003,
      0.5292699999999998,
      0.4833429999999999,
      0.44200869999999987,
      0.40480783000000037,
      0.3713270470000001,
      0.3411943422999999,
      0.3140749080700001,
      0.28966741726299994,
      0.26770067553670024,
      0.2479306079830302,
      0.2301375471847272,
      0.2141237924662543,
      0.19971141321962899,
      0.1867402718976662,
      0.17506624470789958,
      0.16455962023710966,
      0.15510365821339858,
      0.14659329239205876
    ],
    "avg_block_size": [
      1.3602202476442011,
      1.4193527324492374,
      1.3890401015954539,
      1.3824207201148246,
      1.342264669290323,
      1.3056003875806403,
      1.3206272612242933,
      1.3090086975661752,
      1.3043511848087515,
      1.283277306735078,
      1.273338429032755,
      1.2834656077620465,
      1.2732452764909827,
      1.28067439361714,
      1.2676136543352248,
      1.2757923679714853,
      1.2772640319558541,
      1.2593848151240115,
      1.2583820210352226,
      1.267820400152313
    ],
    "network_partition_events": [
      0,
      0,
      1,
      1,
      2,
      2,
      3,
      3,
      3,
      3,
      4,
      4,
      4,
      4,
      4,
      4,
      4,
      4,
      5,
      5
    ]
  },
  "processed_transactions": 183
}