{
  "config": {
    "num_shards": 3,
    "nodes_per_shard": 5,
    "total_nodes": 15,
    "malicious_percentage": 10,
    "attack_scenario": null
  },
  "metrics": {
    "throughput": [
      3.0,
      3.0,
      3.0,
      3.0,
      3.0
    ],
    "latency": [
      5.083333333333333,
      5.083333333333333,
      5.083333333333333,
      5.083333333333333,
      5.076666666666666
    ],
    "energy": [
      0.9479778683947329,
      1.0689705963003382,
      1.109222660699986,
      1.081289596178499,
      1.1319217731471687
    ],
    "security": [
      0.9200000000000002,
      0.8480000000000003,
      0.7831999999999998,
      0.7248800000000003,
      0.6723920000000002
    ],
    "cross_shard_ratio": [
      0.0,
      0.0,
      0.0,
      0.0,
      0.0
    ],
    "transaction_success_rate": [
      1.0,
      1.0,
      1.0,
      1.0,
      1.0
    ],
    "network_stability": [
      1.0,
      0.9500000000000001,
      0.8850000000000001,
      0.8431666666666667,
      0.8388500000000002
    ],
    "resource_utilization": [
      0.002,
      0.0036000000000000003,
      0.00488,
      0.0059039999999999995,
      0.006723200000000001
    ],
    "consensus_efficiency": [
      0.9949166666666667,
      0.9949166666666667,
      0.9949166666666667,
      0.9949166666666667,
      0.9949233333333334
    ],
    "shard_health": [
      0.997,
      0.9819999999999999,
      0.9625,
      0.94995,
      0.9486550000000001
    ],
    "avg_hops": [
      1.0,
      1.0,
      1.0,
      1.0,
      1.0
    ],
    "network_resilience": [
      0.9200000000000002,
      0.8480000000000003,
      0.7831999999999998,
      0.7248800000000003,
      0.6723920000000002
    ],
    "avg_block_size": [
      0.9479778683947329,
      1.0689705963003382,
      1.109222660699986,
      1.081289596178499,
      1.1319217731471687
    ],
    "network_partition_events": [
      0,
      0,
      1,
      1,
      1
    ]
  },
  "processed_transactions": 15
}