{
  "config": {
    "num_shards": 5,
    "nodes_per_shard": 10,
    "total_nodes": 50,
    "malicious_percentage": 10,
    "attack_scenario": null
  },
  "metrics": {
    "throughput": [
      19.0,
      18.0,
      18.333333333333332,
      18.5,
      17.8,
      17.666666666666668,
      17.714285714285715,
      17.875,
      18.0,
      17.8,
      17.727272727272727,
      17.666666666666668,
      17.76923076923077,
      17.857142857142858,
      17.666666666666668,
      17.6875,
      17.764705882352942,
      17.77777777777778,
      17.842105263157894,
      17.8,
      17.80952380952381,
      17.863636363636363,
      17.91304347826087,
      17.875,
      17.84,
      17.846153846153847,
      17.77777777777778,
      17.785714285714285,
      17.75862068965517,
      17.8,
      17.806451612903224,
      17.875,
      17.78787878787879,
      17.764705882352942,
      17.771428571428572,
      17.805555555555557,
      17.81081081081081,
      17.81578947368421,
      17.871794871794872,
      17.825,
      17.829268292682926,
      17.88095238095238,
      17.86046511627907,
      17.84090909090909,
      17.844444444444445,
      17.869565217391305,
      17.872340425531913,
      17.875,
      17.877551020408163,
      17.86
    ],
    "latency": [
      10.928508771929828,
      10.725231481481481,
      10.615606060606058,
      10.188738738738738,
      9.900280898876407,
      9.829795597484278,
      9.909072580645168,
      9.86258741258742,
      9.89495884773663,
      9.935767790262178,
      9.97880341880342,
      10.119732704402521,
      10.078282828282834,
      10.013333333333337,
      10.109591194968557,
      10.165282685512372,
      10.161175496688744,
      10.124635416666672,
      10.123549655850542,
      10.091034644194758,
      10.119808377896613,
      10.12434266327396,
      10.148462783171517,
      10.109304584304583,
      10.109996263079227,
      10.216774425287353,
      10.17739583333333,
      10.162700803212848,
      10.139805825242714,
      10.149485018726589,
      10.165866545893717,
      10.137645687645687,
      10.161243611584329,
      10.193874172185428,
      10.208802250803858,
      10.163650546021842,
      10.161494688922609,
      10.143045297882813,
      10.152654232424673,
      10.141701729780266,
      10.133287733698126,
      10.141722148246778,
      10.121495225694439,
      10.162558386411883,
      10.187287256122865,
      10.206194241686934,
      10.197777777777771,
      10.197397047397041,
      10.18860350076103,
      10.161926091825308
    ],
    "energy": [
      2.2031722377764527,
      2.0966954903173503,
      2.036294612007652,
      2.059003699219962,
      2.0211651681917187,
      2.0151058714793955,
      2.0006061578887024,
      1.9799276606151988,
      1.9837299120129432,
      1.9932524690003648,
      1.999130741033964,
      1.9874821044182005,
      1.9710954948711563,
      1.961240385498991,
      1.957079469238683,
      1.9621345229835858,
      1.9623185094104156,
      1.9566327753927546,
      1.9561155856965673,
      1.9481561692126035,
      1.9594690294275345,
      1.9593240625071846,
      1.9519227450046155,
      1.9364753940936417,
      1.9402611645220795,
      1.9523770608018003,
      1.9447312468476055,
      1.9478096760582881,
      1.9432480316182754,
      1.9421884956516342,
      1.9502494617941954,
      1.949636972586145,
      1.9450498331932262,
      1.9467623151978042,
      1.9481730162721027,
      1.9472707573522035,
      1.9501932672000217,
      1.9474346524015607,
      1.9503542852716713,
      1.943445647433238,
      1.9399541048969666,
      1.9362173868250157,
      1.9360566669362698,
      1.9341865659939013,
      1.9395777692728455,
      1.9441269568608537,
      1.9419019525726606,
      1.938054664890439,
      1.9399222496377309,
      1.9383740963867166
    ],
    "security": [
      0.7077777777777772,
      0.6447777777777779,
      0.5880777777777775,
      0.5370477777777778,
      0.49112077777777774,
      0.44978647777777797,
      0.41258560777777803,
      0.3791048247777779,
      0.34897212007777784,
      0.32185268584777776,
      0.29744519504077793,
      0.27547845331447796,
      0.2557083857608079,
      0.23791532496250475,
      0.2219015702440322,
      0.20748919099740679,
      0.19451804967544387,
      0.18284402248567733,
      0.1723373980148873,
      0.1628814359911763,
      0.15437107016983653,
      0.14671174093063066,
      0.13981834461534534,
      0.13361428793158855,
      0.12803063691620747,
      0.12300535100236458,
      0.11848259367990589,
      0.11441211208969303,
      0.1107486786585015,
      0.1074515885704292,
      0.10448420749116404,
      0.10181356451982541,
      0.09940998584562065,
      0.09724676503883638,
      0.09529986631273055,
      0.09354765745923518,
      0.09197066949108948,
      0.09055138031975835,
      0.08927402006556029,
      0.08812439583678205,
      0.08708973403088162,
      0.08615853840557118,
      0.08532046234279189,
      0.08456619388629047,
      0.08388735227543921,
      0.08327639482567303,
      0.08272653312088356,
      0.08223165758657298,
      0.08178626960569342,
      0.08138542042290192
    ],
    "cross_shard_ratio": [
      0.3157894736842105,
      0.3333333333333333,
      0.32727272727272727,
      0.3108108108108108,
      0.29213483146067415,
      0.29245283018867924,
      0.29838709677419356,
      0.3006993006993007,
      0.30246913580246915,
      0.30337078651685395,
      0.3076923076923077,
      0.3113207547169811,
      0.30735930735930733,
      0.308,
      0.3132075471698113,
      0.31448763250883394,
      0.31125827814569534,
      0.30625,
      0.30678466076696165,
      0.30337078651685395,
      0.30213903743315507,
      0.30279898218829515,
      0.30097087378640774,
      0.3006993006993007,
      0.30269058295964124,
      0.30387931034482757,
      0.30416666666666664,
      0.30522088353413657,
      0.3048543689320388,
      0.3052434456928839,
      0.3061594202898551,
      0.30594405594405594,
      0.30664395229982966,
      0.30629139072847683,
      0.3070739549839228,
      0.30577223088923555,
      0.30500758725341426,
      0.30428360413589367,
      0.30416068866571017,
      0.30575035063113604,
      0.30506155950752395,
      0.30492676431424764,
      0.3033854166666667,
      0.30445859872611464,
      0.30510585305105853,
      0.305352798053528,
      0.3047619047619048,
      0.30536130536130535,
      0.3059360730593607,
      0.3045912653975364
    ],
    "transaction_success_rate": [
      0.95,
      0.9,
      0.9166666666666666,
      0.925,
      0.89,
      0.8833333333333333,
      0.8857142857142857,
      0.89375,
      0.9,
      0.89,
      0.8863636363636364,
      0.8833333333333333,
      0.8884615384615384,
      0.8928571428571429,
      0.8833333333333333,
      0.884375,
      0.888235294117647,
      0.8888888888888888,
      0.8921052631578947,
      0.89,
      0.8904761904761904,
      0.8931818181818182,
      0.8956521739130435,
      0.89375,
      0.892,
      0.8923076923076924,
      0.8888888888888888,
      0.8892857142857142,
      0.8879310344827587,
      0.89,
      0.8903225806451613,
      0.89375,
      0.8893939393939394,
      0.888235294117647,
      0.8885714285714286,
      0.8902777777777777,
      0.8905405405405405,
      0.8907894736842106,
      0.8935897435897436,
      0.89125,
      0.8914634146341464,
      0.8940476190476191,
      0.8930232558139535,
      0.8920454545454546,
      0.8922222222222222,
      0.8934782608695652,
      0.8936170212765957,
      0.89375,
      0.8938775510204081,
      0.893
    ],