{
  "config": {
    "num_shards": 3,
    "nodes_per_shard": 8,
    "total_nodes": 24,
    "malicious_percentage": 10,
    "attack_scenario": "sybil"
  },
  "metrics": {
    "throughput": [
      5.0,
      5.0,
      5.0,
      5.0,
      4.8,
      4.833333333333333,
      4.857142857142857,
      4.875,
      4.888888888888889,
      4.9
    ],
    "latency": [
      7.159999999999999,
      7.159999999999999,
      7.1800000000000015,
      7.443333333333333,
      7.500694444444445,
      7.459195402298851,
      7.424019607843139,
      7.394017094017094,
      7.377651515151515,
      7.35544217687075
    ],
    "energy": [
      1.16749256577761,
      1.597313440704965,
      1.5019237925597848,
      1.5218343847264517,
      1.4898196083032298,
      1.508160317985557,
      1.4877232621059604,
      1.5285349571237212,
      1.5683764903076929,
      1.6039328112557387
    ],
    "security": [
      0.9124999999999998,
      0.8337499999999999,
      0.7628749999999997,
      0.6990875000000001,
      0.6416787500000004,
      0.5900108750000004,
      0.5435097875000002,
      0.5016588087499999,
      0.4639929278750002,
      0.4300936350875002
    ],
    "cross_shard_ratio": [
      0.2,
      0.2,
      0.2,
      0.2,
      0.20833333333333334,
      0.20689655172413793,
      0.20588235294117646,
      0.20512820512820512,
      0.20454545454545456,
      0.20408163265306123
    ],
    "transaction_success_rate": [
      1.0,
      1.0,
      1.0,
      1.0,
      0.96,
      0.9666666666666667,
      0.9714285714285714,
      0.975,
      0.9777777777777777,
      0.98
    ],
    "network_stability": [
      1.0,
      0.9,
      0.8211111111111112,
      0.7056666666666667,
      0.6910833333333334,
      0.6589816666666669,
      0.644367777777778,
      0.5243754444444446,
      0.49079975000000015,
      0.4992044844444446
    ],
    "resource_utilization": [
      0.0033333333333333335,
      0.005999999999999999,
      0.008133333333333333,
      0.00984,
      0.011205333333333333,
      0.0122976,
      0.013171413333333335,
      0.013870464000000004,
      0.014429704533333336,
      0.014877096960000002
    ],
    "consensus_efficiency": [
      0.9928400000000001,
      0.9928400000000001,
      0.99282,
      0.9925566666666666,
      0.9924993055555555,
      0.9925408045977011,
      0.9925759803921569,
      0.9926059829059829,
      0.9926223484848485,
      0.9926445578231292
    ],
    "shard_health": [
      0.9950000000000001,
      0.9650000000000002,
      0.9413333333333332,
      0.9067,
      0.9023249999999999,
      0.8926945000000001,
      0.8883103333333334,
      0.8523126333333333,
      0.842239925,
      0.8447613453333332
    ],
    "avg_hops": [
      1.0,
      1.0,
      1.0,
      1.05,
      1.0416666666666667,
      1.0344827586206897,
      1.0294117647058822,
      1.0256410256410255,
      1.0227272727272727,
      1.0204081632653061
    ],
    "network_resilience": [
      0.9124999999999998,
      0.8337499999999999,
      0.7628749999999997,
      0.6990875000000001,
      0.6416787500000004,
      0.5900108750000004,
      0.5435097875000002,
      0.5016588087499999,
      0.4639929278750002,
      0.4300936350875002
    ],
    "avg_block_size": [
      0.8320089084096545,
      1.1991117338697774,
      1.161258662876892,
      1.1719212312216394,
      1.1454276211938759,
      1.179849069559693,
      1.1576680038975633,
      1.191132252935582,
      1.215141734083262,
      1.246937130814803
    ],
    "network_partition_events": [
      0,
      0,
      1,
      2,
      3,
      3,
      3,
      4,
      5,
      5
    ]
  },
  "processed_transactions": 49
}