{
  "config": {
    "num_shards": 3,
    "nodes_per_shard": 5,
    "total_nodes": 15,
    "malicious_percentage": 10,
    "attack_scenario": null
  },
  "metrics": {
    "throughput": [
      3.0,
      3.0,
      3.0,
      3.0,
      3.0
    ],
    "latency": [
      5.083333333333333,
      5.066666666666666,
      5.072222222222222,
      5.075,
      5.090000000000001
    ],
    "energy": [
      1.1231835380922615,
      1.0540972361976089,
      0.955150900870032,
      1.090873009622053,
      1.0764707923543666
    ],
    "security": [
      0.9200000000000002,
      0.8480000000000003,
      0.7831999999999998,
      0.7248800000000003,
      0.6723920000000002
    ],
    "cross_shard_ratio": [
      0.0,
      0.0,
      0.0,
      0.0,
      0.0
    ],
    "transaction_success_rate": [
      1.0,
      1.0,
      1.0,
      1.0,
      1.0
    ],
    "network_stability": [
      1.0,
      0.9833333333333334,
      0.9183333333333333,
      0.8731666666666666,
      0.8325166666666668
    ],
    "resource_utilization": [
      0.002,
      0.0036000000000000003,
      0.00488,
      0.005904,
      0.006723200000000001
    ],
    "consensus_efficiency": [
      0.9949166666666667,
      0.9949333333333333,
      0.9949277777777777,
      0.994925,
      0.99491
    ],
    "shard_health": [
      0.997,
      0.992,
      0.9725,
      0.9589500000000001,
      0.946755
    ],
    "avg_hops": [
      1.0,
      1.0,
      1.0,
      1.0,
      1.0
    ],
    "network_resilience": [
      0.9200000000000002,
      0.8480000000000003,
      0.7831999999999998,
      0.7248800000000003,
      0.6723920000000002
    ],
    "avg_block_size": [
      1.1231835380922615,
      1.0540972361976089,
      0.955150900870032,
      1.090873009622053,
      1.0764707923543666
    ],
    "network_partition_events": [
      0,
      0,
      0,
      1,
      1
    ]
  },
  "processed_transactions": 15
}