{
  "config": {
    "num_shards": 5,
    "nodes_per_shard": 10,
    "total_nodes": 50,
    "malicious_percentage": 10,
    "attack_scenario": null
  },
  "metrics": {
    "throughput": [
      5.0,
      5.0,
      5.0,
      5.0,
      5.0,
      4.833333333333333,
      4.857142857142857,
      4.875,
      4.888888888888889,
      4.7
    ],
    "latency": [
      7.140000000000001,
      8.1475,
      7.8149999999999995,
      7.643750000000002,
      7.541000000000001,
      8.085344827586209,
      7.95808823529412,
      8.121794871794874,
      8.236931818181821,
      8.035638297872344
    ],
    "energy": [
      1.4055107017595185,
      1.453552272834754,
      1.4291335187987328,
      1.5481589375645437,
      1.5170310952158668,
      1.640604634026582,
      1.6393141252275898,
      1.6339165562657278,
      1.6160530513932512,
      1.594236862200163
    ],
    "security": [
      0.7077777777777772,
      0.6447777777777779,
      0.5880777777777775,
      0.5370477777777777,
      0.49112077777777763,
      0.4497864777777782,
      0.4125856077777779,
      0.37910482477777774,
      0.34897212007777795,
      0.32185268584777776
    ],
    "cross_shard_ratio": [
      0.2,
      0.2,
      0.2,
      0.2,
      0.2,
      0.20689655172413793,
      0.20588235294117646,
      0.20512820512820512,
      0.20454545454545456,
      0.19148936170212766
    ],
    "transaction_success_rate": [
      1.0,
      1.0,
      1.0,
      1.0,
      1.0,
      0.9666666666666667,
      0.9714285714285714,
      0.975,
      0.9777777777777777,
      0.94
    ],
    "network_stability": [
      1.0,
      0.96,
      0.93,
      0.8550000000000001,
      0.8237,
      0.7711200000000001,
      0.7637980000000002,
      0.7340960000000001,
      0.7084506666666669,
      0.6617644000000003
    ],
    "resource_utilization": [
      0.002,
      0.0036,
      0.00488,
      0.005904,
      0.0067232,
      0.007378560000000001,
      0.007902848,
      0.008322278400000003,
      0.008657822720000003,
      0.008926258176000002
    ],
    "consensus_efficiency": [
      0.99286,
      0.9918525,
      0.992185,
      0.99235625,
      0.992459,
      0.9919146551724138,
      0.9920419117647059,
      0.9918782051282051,
      0.9917630681818181,
      0.9919643617021277
    ],
    "shard_health": [
      0.9570000000000001,
      0.945,
      0.9359999999999999,
      0.9135,
      0.90411,
      0.888336,
      0.8861394,
      0.8772287999999999,
      0.8695352,
      0.8555293200000001
    ],
    "avg_hops": [
      1.0,
      1.2,
      1.1333333333333333,
      1.1,
      1.08,
      1.1724137931034482,
      1.1470588235294117,
      1.1794871794871795,
      1.2045454545454546,
      1.1914893617021276
    ],
    "network_resilience": [
      0.6369999999999995,
      0.5803000000000001,
      0.5292699999999998,
      0.4833429999999999,
      0.44200869999999987,
      0.40480783000000037,
      0.37132704700000013,
      0.34119434229999995,
      0.31407490807000016,
      0.289667417263
    ],
    "avg_block_size": [
      1.0648803744782782,
      1.0180599962388226,
      1.051887112739144,
      1.1723706434820573,
      1.169729075844945,
      1.2083157966833153,
      1.2057476465259551,
      1.1980184665197608,
      1.1714320256583255,
      1.1779959019376798
    ],
    "network_partition_events": [
      0,
      0,
      0,
      1,
      1,
      2,
      2,
      2,
      2,
      3
    ]
  },
  "processed_transactions": 47
}