{
  "config": {
    "num_shards": 5,
    "nodes_per_shard": 10,
    "total_nodes": 50,
    "malicious_percentage": 10,
    "attack_scenario": null
  },
  "metrics": {
    "throughput": [
      5.0,
      5.0,
      5.0,
      4.75,
      4.8,
      4.666666666666667,
      4.714285714285714,
      4.625,
      4.666666666666667,
      4.7
    ],
    "latency": [
      7.140000000000001,
      8.145,
      7.826666666666665,
      7.776315789473682,
      7.65625,
      8.01517857142857,
      8.195454545454545,
      8.547297297297298,
      8.383333333333335,
      8.576595744680853
    ],
    "energy": [
      1.5616619721368656,
      1.781282331763156,
      1.6012811462421463,
      1.5995116530919546,
      1.666306389567439,
      1.7395878568303413,
      1.7422925620480967,
      1.8237230763583503,
      1.783919046320437,
      1.79583167682602
    ],
    "security": [
      0.7077777777777772,
      0.6447777777777779,
      0.5880777777777775,
      0.5368021637426899,
      0.490834910331384,
      0.4495291970760238,
      0.4123540551461989,
      0.37889642740935664,
      0.3487845624461989,
      0.32168388397935677
    ],
    "cross_shard_ratio": [
      0.2,
      0.2,
      0.2,
      0.21052631578947367,
      0.20833333333333334,
      0.21428571428571427,
      0.21212121212121213,
      0.21621621621621623,
      0.21428571428571427,
      0.2127659574468085
    ],
    "transaction_success_rate": [
      1.0,
      1.0,
      1.0,
      0.95,
      0.96,
      0.9333333333333333,
      0.9428571428571428,
      0.925,
      0.9333333333333333,
      0.94
    ],
    "network_stability": [
      1.0,
      0.96,
      0.892,
      0.8888000000000001,
      0.8179200000000002,
      0.76824,
      0.72928,
      0.7123406666666667,
      0.6452654000000002,
      0.6256335800000001
    ],
    "resource_utilization": [
      0.002,
      0.0036000000000000003,
      0.004880000000000001,
      0.005904000000000001,
      0.006723200000000001,
      0.007378560000000001,
      0.007902848,
      0.008322278400000003,
      0.008657822720000003,
      0.008926258176000002
    ],
    "consensus_efficiency": [
      0.99286,
      0.991855,
      0.9921733333333334,
      0.9922236842105263,
      0.99234375,
      0.9919848214285715,
      0.9918045454545454,
      0.9914527027027027,
      0.9916166666666667,
      0.9914234042553192
    ],
    "shard_health": [
      0.9570000000000001,
      0.945,
      0.9246000000000001,
      0.92364,
      0.9023760000000001,
      0.887472,
      0.875784,
      0.8707022,
      0.8505796200000001,
      0.8446900740000001
    ],
    "avg_hops": [
      1.0,
      1.2,
      1.1333333333333333,
      1.105263157894737,
      1.0833333333333333,
      1.1428571428571428,
      1.1818181818181819,
      1.2432432432432432,
      1.2142857142857142,
      1.2553191489361701
    ],
    "network_resilience": [
      0.6369999999999995,
      0.5803000000000001,
      0.5292699999999998,
      0.4831219473684209,
      0.4417514192982456,
      0.40457627736842144,
      0.371118649631579,
      0.341006784668421,
      0.313906106201579,
      0.2895154955814211
    ],
    "avg_block_size": [
      1.2135110396302038,
      1.2832373707714484,
      1.2011552815395952,
      1.1769391190233078,
      1.2387662897844418,
      1.2504921506534965,
      1.2447844021269785,
      1.2721482132729907,
      1.2596977373155251,
      1.2623792935224323
    ],
    "network_partition_events": [
      0,
      0,
      1,
      1,
      1,
      2,
      2,
      2,
      3,
      3
    ]
  },
  "processed_transactions": 47
}