{
    "configuration": {
        "num_shards": 5,
        "nodes_per_shard": 10,
        "malicious_percentage": 10,
        "attack_scenario": null,
        "attack_types": []
    },
    "performance": {
        "throughput": 4.7,
        "latency": 8.576595744680853,
        "energy": 1.79583167682602,
        "security": 0.32168388397935677,
        "cross_shard_ratio": 0.2127659574468085,
        "transaction_success_rate": 0.94,
        "network_stability": 0.6256335800000001,
        "resource_utilization": 0.008926258176000002,
        "consensus_efficiency": 0.9914234042553192,
        "shard_health": 0.8446900740000001,
        "network_resilience": 0.2895154955814211
    },
    "shard_statistics": {
        "shard_0": {
            "num_nodes": 10,
            "malicious_nodes": 1,
            "congestion_level": 0.01,
            "network_stability": 0.7354900000000002,
            "resource_utilization": 0.008789304320000002,
            "transactions_processed": 7,
            "transactions_blocked": 1,
            "health_score": 0.8776470000000001
        },
        "shard_1": {
            "num_nodes": 10,
            "malicious_nodes": 1,
            "congestion_level": 0.02,
            "network_stability": 0.6371460000000001,
            "resource_utilization": 0.008507242496000001,
            "transactions_processed": 9,
            "transactions_blocked": 0,
            "health_score": 0.8451438
        },
        "shard_2": {
            "num_nodes": 10,
            "malicious_nodes": 1,
            "congestion_level": 0.0,
            "network_stability": 0.6633900000000001,
            "resource_utilization": 0.004590616576000002,
            "transactions_processed": 6,
            "transactions_blocked": 2,
            "health_score": 0.859017
        },
        "shard_3": {
            "num_nodes": 10,
            "malicious_nodes": 1,
            "congestion_level": 0.02,
            "network_stability": 0.581346,
            "resource_utilization": 0.010237208576000002,
            "transactions_processed": 12,
            "transactions_blocked": 0,
            "health_score": 0.8284038
        },
        "shard_4": {
            "num_nodes": 10,
            "malicious_nodes": 1,
            "congestion_level": 0.0,
            "network_stability": 0.5107959000000002,
            "resource_utilization": 0.012506918912000004,
            "transactions_processed": 13,
            "transactions_blocked": 0,
            "health_score": 0.8132387700000001
        }
    },
    "pipeline_stats": {
        "validation": 50,
        "routing": 50,
        "consensus": 50,
        "execution": 47,
        "commit": 47
    },
    "pipeline_performance": {
        "pipeline_throughput": 4.7,
        "stage_efficiency": {
            "validation": 1.0,
            "routing": 1.0,
            "consensus": 1.0,
            "execution": 0.94,
            "commit": 0.94
        },
        "bottleneck_stage": "execution",
        "parallel_efficiency": 0.769230769230769,
        "total_transactions": {
            "validation": 50,
            "routing": 50,
            "consensus": 50,
            "execution": 47,
            "commit": 47
        }
    }
}