{
  "config": {
    "num_shards": 3,
    "nodes_per_shard": 8,
    "total_nodes": 24,
    "malicious_percentage": 10,
    "attack_scenario": "sybil"
  },
  "metrics": {
    "throughput": [
      5.0,
      5.0,
      5.0,
      5.0,
      5.0,
      5.0,
      5.0,
      5.0,
      5.0,
      5.0
    ],
    "latency": [
      7.25,
      7.220000000000001,
      7.577777777777779,
      7.734166666666667,
      7.839999999999999,
      7.902222222222222,
      7.797619047619047,
      7.855833333333332,
      7.895555555555554,
      7.927333333333334
    ],
    "energy": [
      1.3567374258788505,
      1.4151209481265934,
      1.319038991015925,
      1.42726235640658,
      1.4450586110979844,
      1.5067167168643492,
      1.497036540696281,
      1.5340014637870714,
      1.5039374280980111,
      1.5174553142473794
    ],
    "security": [
      0.9124999999999998,
      0.8337499999999999,
      0.7628749999999997,
      0.6990875000000001,
      0.6416787500000004,
      0.5900108750000004,
      0.5435097875,
      0.5016588087500001,
      0.4639929278750001,
      0.43009363508750026
    ],
    "cross_shard_ratio": [
      0.2,
      0.2,
      0.2,
      0.2,
      0.2,
      0.2,
      0.2,
      0.2,
      0.2,
      0.2
    ],
    "transaction_success_rate": [
      1.0,
      1.0,
      1.0,
      1.0,
      1.0,
      1.0,
      1.0,
      1.0,
      1.0,
      1.0
    ],
    "network_stability": [
      1.0,
      0.9666666666666667,
      0.9,
      0.89,
      0.751,
      0.7433666666666667,
      0.7245855555555556,
      0.6854603333333333,
      0.6981456333333335,
      0.6394421811111112
    ],
    "resource_utilization": [
      0.0033333333333333335,
      0.006000000000000001,
      0.008133333333333333,
      0.009840000000000002,
      0.011205333333333336,
      0.0122976,
      0.013171413333333335,
      0.013870464,
      0.014429704533333337,
      0.014877096960000002
    ],
    "consensus_efficiency": [
      0.99275,
      0.99278,
      0.9924222222222222,
      0.9922658333333333,
      0.99216,
      0.9920977777777777,
      0.992202380952381,
      0.9921441666666667,
      0.9921044444444445,
      0.9920726666666667
    ],
    "shard_health": [
      0.9950000000000001,
      0.985,
      0.965,
      0.9620000000000001,
      0.9203,
      0.9180100000000001,
      0.9123756666666667,
      0.9006381,
      0.90444369,
      0.8868326543333334
    ],
    "avg_hops": [
      1.0,
      1.0,
      1.0666666666666667,
      1.1,
      1.12,
      1.1333333333333333,
      1.1142857142857143,
      1.125,
      1.1333333333333333,
      1.14
    ],
    "network_resilience": [
      0.9124999999999998,
      0.8337499999999999,
      0.7628749999999997,
      0.6990875000000001,
      0.6416787500000004,
      0.5900108750000004,
      0.5435097875,
      0.5016588087500001,
      0.4639929278750001,
      0.43009363508750026
    ],
    "avg_block_size": [
      1.0669602373091038,
      1.112808406497634,
      1.0152070443817416,
      1.0674042854139925,
      1.0954905134840036,
      1.1161509738724509,
      1.1314526515528804,
      1.148608839846691,
      1.1279104439215182,
      1.127686915671948
    ],
    "network_partition_events": [
      0,
      0,
      0,
      1,
      2,
      2,
      2,
      3,
      3,
      3
    ]
  },
  "processed_transactions": 50
}