{
  "config": {
    "num_shards": 5,
    "nodes_per_shard": 10,
    "total_nodes": 50,
    "malicious_percentage": 10,
    "attack_scenario": null
  },
  "metrics": {
    "throughput": [
      8.0,
      8.5,
      8.0,
      8.5,
      8.8,
      8.833333333333334,
      8.857142857142858,
      9.0,
      9.0,
      9.1,
      9.090909090909092,
      8.916666666666666,
      8.76923076923077,
      8.857142857142858,
      8.8,
      8.6875,
      8.705882352941176,
      8.722222222222221,
      8.789473684210526,
      8.85
    ],
    "latency": [
      12.29375,
      10.975490196078432,
      10.34236111111111,
      9.911764705882351,
      9.53181818181818,
      9.792924528301885,
      9.893145161290315,
      9.95590277777777,
      10.008127572016454,
      9.99130036630036,
      10.123749999999996,
      10.097429906542052,
      10.210891812865496,
      10.264247311827956,
      10.307323232323233,
      10.23549160671463,
      10.281813063063064,
      10.384235668789811,
      10.415019960079844,
      10.37980225988701
    ],
    "energy": [
      2.4170369008910524,
      2.1558361483302937,
      2.101423808136161,
      2.0959574384264146,
      2.013803337987566,
      2.0300418182279,
      2.0317437194664585,
      2.031344542162604,
      2.0262068041118875,
      1.993561486374447,
      2.0102404063264188,
      2.026799447416683,
      2.0430122021232706,
      2.0581950531195083,
      2.0529492528998134,
      2.050616469732624,
      2.0401193593906193,
      2.0440183597471595,
      2.0439759744546686,
      2.0222809635131616
    ],
    "security": [
      0.7077777777777772,
      0.6447777777777779,
      0.5880777777777775,
      0.5370477777777777,
      0.4911207777777776,
      0.44978647777777814,
      0.41258560777777786,
      0.37910482477777774,
      0.3489721200777779,
      0.3218526858477777,
      0.2974451950407781,
      0.27547845331447807,
      0.255708385760808,
      0.2379153249625047,
      0.22190157024403223,
      0.20748919099740687,
      0.19451804967544398,
      0.1828440224856774,
      0.1723373980148872,
      0.16288143599117635
    ],
    "cross_shard_ratio": [
      0.375,
      0.35294117647058826,
      0.3333333333333333,
      0.3235294117647059,
      0.3181818181818182,
      0.32075471698113206,
      0.3225806451612903,
      0.3194444444444444,
      0.32098765432098764,
      0.31868131868131866,
      0.32,
      0.3177570093457944,
      0.32456140350877194,
      0.3225806451612903,
      0.3181818181818182,
      0.31654676258992803,
      0.31756756756756754,
      0.3184713375796178,
      0.31736526946107785,
      0.3163841807909605
    ],
    "transaction_success_rate": [
      0.8,
      0.85,
      0.8,
      0.85,
      0.88,
      0.8833333333333333,
      0.8857142857142857,
      0.9,
      0.9,
      0.91,
      0.9090909090909091,
      0.8916666666666667,
      0.8769230769230769,
      0.8857142857142857,
      0.88,
      0.86875,
      0.8705882352941177,
      0.8722222222222222,
      0.8789473684210526,
      0.885
    ],
    "network_stability": [
      1.0,
      0.95,
      0.9030000000000001,
      0.7827000000000001,
      0.7306300000000001,
      0.6860990000000001,
      0.6470691000000002,
      0.6133743233333334,
      0.5587035576666668,
      0.5664430019000002,
      0.5397987017100001,
      0.5235166362433334,
      0.5135441679803334,
      0.4739511087495335,
      0.47044239616644684,
      0.4276500450269788,
      0.3808035956681243,
      0.3877232361013118,
      0.3789509124911807,
      0.39661388054338725
    ],
    "resource_utilization": [
      0.004,
      0.0072,
      0.009760000000000001,
      0.011808000000000003,
      0.013446400000000002,
      0.014757120000000002,
      0.015805696,
      0.0166445568,
      0.017315645440000003,
      0.017852516352000004,
      0.018282013081600004,
      0.018625610465280006,
      0.018900488372224005,
      0.019120390697779207,
      0.019296312558223366,
      0.01943705004657869,
      0.019549640037262957,
      0.019639712029810363,
      0.019711769623848293,
      0.019769415699078637
    ],
    "consensus_efficiency": [
      0.98770625,
      0.9890245098039215,
      0.9896576388888889,
      0.9900882352941176,
      0.9904681818181819,
      0.9902070754716981,
      0.9901068548387096,
      0.9900440972222222,
      0.9899918724279836,
      0.9900086996336996,
      0.98987625,
      0.989902570093458,
      0.9897891081871345,
      0.989735752688172,
      0.9896926767676768,
      0.9897645083932853,
      0.9897181869369369,
      0.9896157643312102,
      0.9895849800399201,
      0.989620197740113
    ],
    "shard_health": [
      0.954,
      0.9390000000000001,
      0.9249,
      0.8888100000000001,
      0.873189,
      0.8598297,
      0.8481207300000001,
      0.8380122970000002,
      0.8216110673000001,
      0.82393290057,
      0.815939610513,
      0.811054990873,
      0.8080632503941001,
      0.7961853326248601,
      0.7951327188499342,
      0.7822950135080936,
      0.7682410787004373,
      0.7703169708303935,
      0.7676852737473542,
      0.7729841641630163
    ],
    "avg_hops": [
      1.625,
      1.411764705882353,
      1.3333333333333333,
      1.2647058823529411,
      1.2045454545454546,
      1.2452830188679245,
      1.2580645161290323,
      1.2777777777777777,
      1.2839506172839505,
      1.2857142857142858,
      1.31,
      1.308411214953271,
      1.3157894736842106,
      1.3306451612903225,
      1.3484848484848484,
      1.3381294964028776,
      1.3445945945945945,
      1.3630573248407643,
      1.3712574850299402,
      1.3672316384180792
    ],
    "network_resilience": [
      0.6369999999999995,
      0.5803000000000001,
      0.5292699999999998,
      0.4833429999999999,
      0.4420086999999998,
      0.4048078300000003,
      0.3713270470000001,
      0.34119434229999995,
      0.3140749080700001,
      0.28966741726299994,
      0.2677006755367003,
      0.24793060798303027,
      0.2301375471847272,
      0.21412379246625424,
      0.199711413219629,
      0.18674027189766618,
      0.17506624470789958,
      0.16455962023710968,
      0.1551036582133985,
      0.14659329239205873
    ],
    "avg_block_size": [
      1.3772058552370285,
      1.307944288856441,
      1.3159082312031574,
      1.349146465360906,
      1.3157938162130842,
      1.3140552706890998,
      1.2948998915267775,
      1.2907919258864518,
      1.296450340931812,
      1.272400669310477,
      1.284116451909221,
      1.300258999227775,
      1.3018627626367738,
      1.319492457285294,
      1.305432870735152,
      1.3119599897963172,
      1.2933397812072829,
      1.305241367171706,
      1.3058613650899724,
      1.273945700455895
    ],
    "network_partition_events": [
      0,
      0,
      0,
      2,
      2,
      3,
      3,
      3,
      4,
      4,
      4,
      4,
      4,
      5,
      5,
      5,
      6,
      6,
      6,
      6
    ]
  },
  "processed_transactions": 177
}